{"cameraMode":{"drawMode":0,"name":"Shaded","section":"Shading Mode"},"sceneLighting":false,"audioPlay":false,"sceneViewState":{"showFog":true,"showMaterialUpdate":false,"showSkybox":true,"showFlares":true,"showImageEffects":true,"showParticleSystems":true},"in2DMode":false,"pivot":{"x":0.9051010608673096,"y":7.3712921142578129,"z":-0.5562046766281128},"rotation":{"x":0.22397269308567048,"y":0.1900782585144043,"z":-0.04458610713481903,"w":0.9548395276069641},"size":25.209144592285158,"orthographic":false}