{"cameraMode":{"drawMode":0,"name":"Shaded","section":"Shading Mode"},"sceneLighting":false,"audioPlay":false,"sceneViewState":{"showFog":true,"showMaterialUpdate":false,"showSkybox":true,"showFlares":true,"showImageEffects":true,"showParticleSystems":true},"in2DMode":false,"pivot":{"x":-0.01181788183748722,"y":4.521389961242676,"z":15.265054702758789},"rotation":{"x":0.24382354319095612,"y":-0.0063981302082538609,"z":0.0016084841918200255,"w":0.9697971940040588},"size":1.0514932870864869,"orthographic":false}