{"cameraMode":{"drawMode":0,"name":"Shaded","section":"Shading Mode"},"sceneLighting":false,"audioPlay":false,"sceneViewState":{"showFog":true,"showMaterialUpdate":false,"showSkybox":true,"showFlares":true,"showImageEffects":true,"showParticleSystems":true},"in2DMode":false,"pivot":{"x":4.76837158203125e-7,"y":-0.0035804808139801027,"z":0.0},"rotation":{"x":-0.22141051292419434,"y":0.04502182826399803,"z":-0.010233169421553612,"w":-0.974087119102478},"size":4.535645484924316,"orthographic":false}