{"cameraMode":{"drawMode":0,"name":"Shaded","section":"Shading Mode"},"sceneLighting":false,"audioPlay":false,"sceneViewState":{"showFog":true,"showMaterialUpdate":false,"showSkybox":true,"showFlares":true,"showImageEffects":true,"showParticleSystems":true},"in2DMode":false,"pivot":{"x":0.0003314763307571411,"y":0.14496278762817384,"z":-0.25852084159851076},"rotation":{"x":-0.2606545388698578,"y":0.17942731082439423,"z":-0.04936864227056503,"w":-0.94732666015625},"size":0.543591320514679,"orthographic":false}